{
  "no_hybrid": {
    "precision": 0.8894009216589862,
    "recall": 0.595679012345679,
    "f1": 0.7134935304990758,
    "map50": 0.5743728510859318,
    "map50_95": 0.476017199929026,
    "fp_count": 48
  },
  "hybrid": {
    "precision": 0.9745370370370371,
    "recall": 0.6496913580246914,
    "f1": 0.7796296296296297,
    "map50": 0.6425867484833088,
    "map50_95": 0.5947145355412954,
    "fp_count": 11
  }
}