{
  "no_hybrid": {
    "tp": 386,
    "fp": 48,
    "fn": 262,
    "precision": 0.8894009216589862,
    "recall": 0.595679012345679,
    "f1": 0.7134935304990758,
    "map50": 0.5743728510859318,
    "map50_95": 0.476017199929026,
    "fp_count": 48
  },
  "hybrid": {
    "tp": 403,
    "fp": 19,
    "fn": 245,
    "precision": 0.9549763033175356,
    "recall": 0.6219135802469136,
    "f1": 0.7532710280373832,
    "map50": 0.6136960361273927,
    "map50_95": 0.5547326360469068,
    "fp_count": 19
  }
}