{
  "video-frame1": {
    "no_hybrid": {
      "tp": 320,
      "fp": 55,
      "fn": 182,
      "precision": 0.8533333333333334,
      "recall": 0.6374501992031872,
      "f1": 0.7297605473204104,
      "map50": 0.6217423046134751,
      "map50_95": 0.5267833729637152,
      "fp_count": 55
    },
    "hybrid": {
      "tp": 322,
      "fp": 29,
      "fn": 180,
      "precision": 0.9173789173789174,
      "recall": 0.6414342629482072,
      "f1": 0.7549824150058617,
      "map50": 0.6280248071040688,
      "map50_95": 0.5539141763552902,
      "fp_count": 29
    }
  },
  "video-frame2": {
    "no_hybrid": {
      "tp": 385,
      "fp": 49,
      "fn": 300,
      "precision": 0.8870967741935484,
      "recall": 0.5620437956204379,
      "f1": 0.6881143878462913,
      "map50": 0.5412445986356129,
      "map50_95": 0.444090693712036,
      "fp_count": 49
    },
    "hybrid": {
      "tp": 433,
      "fp": 42,
      "fn": 252,
      "precision": 0.911578947368421,
      "recall": 0.6321167883211679,
      "f1": 0.746551724137931,
      "map50": 0.620506052357717,
      "map50_95": 0.5397886883108752,
      "fp_count": 42
    }
  }
}