mode,tp,fp,fn,precision,recall,f1,map50,map50_95,fp_count
no_hybrid,386,48,262,0.8894009216589862,0.595679012345679,0.7134935304990758,0.5743728510859318,0.476017199929026,48
hybrid,403,19,245,0.9549763033175356,0.6219135802469136,0.7532710280373832,0.6136960361273927,0.5547326360469068,19
