mode,precision,recall,f1,map50,map50_95,fp_count
no_hybrid,0.8894009216589862,0.595679012345679,0.7134935304990758,0.5743728510859318,0.476017199929026,48
hybrid,0.9745370370370371,0.6496913580246914,0.7796296296296297,0.6425867484833088,0.5947145355412954,11
